mu,binarization_residual,is_binarized,energy,binary_cut_value,gradient_norm,theta_0,theta_1,theta_2,theta_3,theta_4,theta_5,theta_6,theta_7,hess_eig_0,hess_eig_1,hess_eig_2,hess_eig_3,hess_eig_4,hess_eig_5,hess_eig_6,hess_eig_7
0.001,0.9238973916696086,0,-9.654854603045848,10.0,3.717717752587906e-14,-1.1781439159551665,2.7488470101482387,0.39215270739798114,-1.9640422669103739,1.963448737634628,-0.39274564344154705,-2.7494399461918047,1.1775503866794206,5.311299385603104e-13,1.4142120597731005,1.4142145346443251,2.413817162778583,2.4146100547974227,2.8284287157349834,4.413110493188524,4.415317599388406
0.008532663316582915,0.9232526943454723,0,-9.639814664198699,10.0,4.000283881476614e-12,-1.1764624633091865,2.7505189948397777,0.39007173600233136,-1.9661406982549565,1.9651301902806062,-0.39107365875001787,-2.75152091758746,1.1754519553348373,2.8110784422692226e-09,1.4141041714024698,1.4142843489468957,2.410834568266661,2.4175993136647325,2.828542951170335,4.404832727222447,4.423664865176936
0.01606532663316583,0.9226036008651411,0,-9.62481485164139,10.0,7.136210169344503e-11,-1.1747763810511525,2.752177511810934,0.3879981579754752,-1.9682562005030821,1.9668162725386409,-0.3894151417788595,-2.753594495614319,1.1733364530867108,3.532377114705775e-08,1.4138258485092317,1.4144644887396611,2.407858976570264,2.4205920891134562,2.828837653470439,4.3966107397144665,4.43206622064492
0.023597989949748748,0.9219500437275314,0,-9.609855175132973,10.0,4.3254512347231633e-10,-1.1730855459369152,2.753822779373328,0.38593182635256945,-1.9703890290649195,1.9685071076528768,-0.3877698742164704,-2.7556608272372207,1.1712036245248743,1.644253770194205e-07,1.4133772792108916,1.4147549321098563,2.404891910164418,2.423586824557544,2.8293126383432656,4.388445317976483,4.440520961390946
0.031130653266331663,0.9212919506036663,0,-9.594935650413223,10.0,1.6204247223952131e-09,-1.1713898243428866,2.755455020566363,0.3838726029111792,-1.9725394332026356,1.970202829246906,-0.386137633023435,-2.757720050678621,1.1690532203871564,4.9792850863417e-07,1.4127587659692515,1.415155643858309,2.4019348823934683,2.426581951686284,2.8299676094277992,4.380337275486273,4.449028407617838
0.03866331658291458,0.9206292426928205,0,-9.580056299207879,10.0,4.609316577930354e-09,-1.1696890682733445,2.757074466644989,0.38182036152255877,-1.974707652165951,1.9719035853164475,-0.38451818694480966,-2.7597722920672414,1.166885001423841,1.1845161055253626e-06,1.4119707245058224,1.4156665755554043,2.398989398102935,2.429575889883925,2.83080215941625,4.372287452243408,4.457587903763306
0.046195979899497495,0.9199618329263016,0,-9.565217149235805,10.0,1.0961794606815775e-08,-1.1679831110767267,2.7586813606837386,0.3797749916202254,-1.9768939110403816,1.973609542513067,-0.38291129290605,-2.7618176619695705,1.1646987425494109,2.413665027327397e-06,1.4110136823065407,1.4162876656304424,2.3960569542729946,2.4325670456680086,2.831815771588863,4.364296715119471,4.4661988181303975
0.05372864321608041,0.9192896240109623,0,-9.550418234218093,10.0,2.2982959219047976e-08,-1.1662717628598385,2.7602759612987504,0.37773640178676093,-1.9790984162979952,1.975320890729955,-0.3813166922910438,-2.7638562518030367,1.1624942372917972,4.415548767589622e-06,1.4098882767281764,1.4170188394946133,2.3931390406526605,2.43555381214776,2.8330078217484576,4.35636595820118,4.474860542518417
0.061261306532663325,0.9186125063127444,0,-9.535659593889086,10.0,4.3881573284682336e-08,-1.164554805610298,2.7618585464688667,0.37570452343948324,-1.9813213510622452,1.9770378479794954,-0.37973410712092487,-2.7658881301503095,1.1602713025275477,7.460919526780517e-06,1.4085952527215957,1.417860009698232,2.3902371403941625,2.4385345685040853,2.8343775805387414,4.348496103124576,4.4835724918552735
0.06879396984924624,0.9179303555788338,0,-9.52094127400927,10.0,7.793717777954066e-08,-1.1628319880330071,2.7634294174429304,0.37367931460108156,-1.9835628700940564,1.9787606655567864,-0.3781632361468629,-2.7679133389887123,1.1580297834957367,1.186096995257146e-05,1.407135460189881,1.4188110761226445,2.38735273068715,2.441507679492396,2.835924216127433,4.340688099398309,4.492334103832055
0.07632663316582916,0.9172430305002306,0,-9.506263326380028,10.0,1.306719231087402e-07,-1.1611030201146828,2.764988902713154,0.3716607637346936,-1.9858230945148323,1.9804896334751103,-0.3766037508766395,-2.7699318898550995,1.155769559074961,1.7967174978487055e-05,1.4055098510013881,1.4198719262079003,2.3844872833927506,2.444471494969519,2.83764679723265,4.332942924713979,4.501144838540666
0.08385929648241207,0.9165503701197982,0,-9.491625808860265,10.0,2.0902540342076734e-07,-1.1593675674384571,2.766537362029038,0.36964889361692643,-1.9881021062901685,1.9822250861513362,-0.3750552915607552,-2.771943759972867,1.1534905472996249,2.617111440471471e-05,1.403719475680095,1.4210424352170559,2.3816422656779483,2.4474243494456465,2.839544296468777,4.325261585241272,4.510004178115466
0.09139195979899499,0.9158521910934578,0,-9.47702878538494,10.0,3.215302601410617e-07,-1.1576252452767353,2.7680751904221195,0.3676437652184593,-1.9903999425045116,1.983967408313058,-0.37351746316767437,-2.7739488883713332,1.1511927110852818,3.690427703242759e-05,1.4017654797970183,1.4223224665384644,2.3788191406511725,2.4503645616620013,2.8416155939858827,4.317645115905425,4.518911626379796
0.0989246231155779,0.9151482848167105,0,-9.462472325985457,10.0,4.784857280329884e-07,-1.1558756125012495,2.7696028222043405,0.3656454815542411,-1.9927165894679202,1.9857170410885436,-0.371989831385453,-2.775947172035552,1.1488760641218734,5.063784735044982e-05,1.3996491000878406,1.4237118720275186,2.3760193680006108,2.4532904341945603,2.8438594813753615,4.310094580644422,4.52786670849848
0.10645728643216082,0.9144384144327122,0,-9.447956506812083,10.0,6.921256375720735e-07,-1.154118165358522,2.7711207348969937,0.36365419145950373,-1.9950519767055501,1.9874744882312714,-0.37047191869279933,-2.77793846213029,1.1465406768842432,6.788247614762342e-05,1.397371660322729,1.4252104923895745,2.3732444046374135,2.456200253083698,2.846274665813141,4.302611072643032,4.536868970637449
0.11398994974874373,0.913722311744317,0,-9.43348141015838,10.0,9.767766688004758e-07,-1.1523523311732644,2.772629453037379,0.361670093238093,-1.9974059708949263,1.989240322416529,-0.3689632005524138,-2.7799225603517,1.144186682694867,8.918803658783773e-05,1.3949345669548188,1.426818157605919,2.370495705346646,2.4590922874891405,2.848859774410968,4.295195714540755,4.545917979631754
0.12152261306532665,0.9129996740570526,0,-9.419047124487875,10.0,1.3490018852724419e-06,-1.15057746205211,2.774129551805122,0.35969343812446075,-1.9997783698260168,1.9910151915376832,-0.36746310178467145,-2.781899215465333,1.1418142837637766,0.00011514336776414034,1.3923393045740065,1.4285346874048441,2.3677747234497053,2.461964789368982,2.8516133587459227,4.287849658610418,4.555013322663433
0.12905527638190956,0.9122701609875732,0,-9.404653744463046,10.0,1.8277237790449131e-06,-1.1487928286770583,2.7756216603990804,0.35772453348980515,-2.0021688964761037,1.9927998249127348,-0.36597099319071286,-2.783868120099988,1.1394237571136896,0.0001463760080439199,1.3895874311925367,1.4303598917798954,2.365082911482724,2.4648159931809404,2.8545338995381213,4.2805740869041395,4.5641546069507966
0.13658793969849248,0.9115333912784318,0,-9.390301370976934,10.0,2.4343202518670666e-06,-1.1469976142913685,2.777106465088692,0.3557637457159077,-2.0045771933046908,1.994595039298425,-0.3644861885011012,-2.785828907873886,1.1370154602851026,0.00018355192099582968,1.3866805733884522,1.432293571557369,2.3624217218963928,2.46764411560334,2.8576198114469813,4.2733702113631455,4.573341459450918
0.1441206030150754,0.9107889396677853,0,-9.375990111187585,10.0,3.1926861685028065e-06,-1.145190908997107,2.7785847118543323,0.3538115026511787,-2.0070028168899396,1.9964017445926865,-0.3630079417354608,-2.787781150938613,1.1345898366998537,0.0002273752171710036,1.3836204213323189,1.4343355190149187,2.35979260778348,2.4704473552726753,2.8608694479568744,4.266239273887898,4.582573526577229
0.15165326633165832,0.9100363338702749,0,-9.361720078555718,10.0,4.129252383912289e-06,-1.143371704499167,2.7800572085234307,0.35186829555584304,-2.009445233043312,1.9982209490906264,-0.36153544506636276,-2.78972435803395,1.1321474205464812,0.00027858787538006787,1.380408723721955,1.4364855185528698,2.357197023641129,2.473223892534009,2.8642811063241056,4.259182546364894,4.5918504739342785
0.15918592964824121,0.9092750517334671,0,-9.347491392885965,10.0,5.2729535032332514e-06,-1.141538889446802,2.7815248263012675,0.34993468043571885,-2.0119038125547712,2.0000537641429914,-0.3600678272885261,-2.7916579731540745,1.1296888410350219,0.00033796946776852593,1.3770472826489977,1.438743347419185,2.354636426175697,2.4759718892000233,2.867853032558118,4.25220133064658,4.601171986071777
0.16671859296482414,0.908504518642214,0,-9.333304180372167,10.0,6.65513513479431e-06,-1.1396912455389365,2.782988500588931,0.34801127865796755,-2.014377827735307,2.001901408050857,-0.3586041530008616,-2.7935813749318257,1.1272148258544858,0.00040633689325240215,1.373537948420458,1.4411087764883896,2.3521122751583685,2.4786894883142194,2.8715834264113678,4.245296958480749,4.610537766260126
0.17425125628140706,0.9077241052512204,0,-9.319158573647215,10.0,8.309391091929259e-06,-1.1378274445739016,2.784449230975668,0.34609877673738965,-2.0168664499369333,2.00376520901589,-0.35714342261412535,-2.795493876852403,1.1247262036528602,0.00048454412438532393,1.3698826143576979,1.443581571093605,2.349626034339961,2.4813748139137726,2.8754704463537686,4.238470791386188,4.619947536289532
0.18178391959798998,0.9069331256334117,0,-9.30505471183799,10.0,1.0271320950162143e-05,-1.1359460466364555,2.785908080289723,0.34419792517920567,-2.0193687482412304,2.005646606953337,-0.35568457330007025,-2.797394728410587,1.1222239053485636,0.0005734819729836482,1.3660832115948611,1.4461614919096475,2.3471791724330857,2.484025970787869,2.8795122145093397,4.23172422047126,4.629401036294616
0.1893165829145729,0.9061308359383752,0,-9.290992740625914,10.0,1.2578198638527172e-05,-1.1340454996248177,2.7873661725908105,0.3423095362637873,-2.0218836895159273,2.007547153964975,-0.35422648099898324,-2.799283117326007,1.1197089640738649,0.00067407787993688,1.3621417038986632,1.4488482958834519,2.3447731641692,2.486641044228191,2.8837068215343202,4.225058666192727,4.638898024606258
0.1968492462311558,0.9053164336606523,0,-9.276972812313751,10.0,1.5268543402485857e-05,-1.132124140326865,2.7888246899892315,0.3404344806612658,-2.024410140043647,2.009468513262929,-0.3527679636005619,-2.8011581729285275,1.1171825135461466,0.0007872957345824293,1.3580600825316373,1.451641737206234,2.342409491436688,2.489218099769564,2.8880523314178457,4.218475578052266,4.648438277631778
0.20438190954773872,0.9044890576215778,0,-9.262995085899094,10.0,1.8381585586639013e-05,-1.1301801972563295,2.790284868182233,0.3385736827700284,-2.0269468689267565,2.0114124563334634,-0.35130778540756064,-2.8030189708197653,1.1146457846630362,0.0009141357287034078,1.3538403611815755,1.4545415683196965,2.3400896445041726,2.4917551829207705,2.8925467861878524,4.211976434228765,4.658021589764116
0.21191457286432164,0.9036477887704543,0,-9.249059727155002,10.0,2.1956621316353765e-05,-1.1282117954566029,2.791747990607326,0.3367281146827604,-2.02949255346698,2.0133808581331905,-0.34984466298246725,-2.8048645389070326,1.1121001001228132,0.0010556342494986545,1.3494845709809342,1.4575475409462553,2.3378151233304023,2.4942503188882705,2.897188210506539,4.2055627411448775,4.667647773319678
0.21944723618090456,0.9027916519103606,0,-9.235166908718117,10.0,2.60322523589299e-05,-1.1262169634696044,2.7932153811262825,0.33489878869812195,-2.032045786706126,2.0153756901201896,-0.3483772724635105,-2.806693864891671,1.109546866883668,0.0012128638149177362,1.3449947556414492,1.4606594071307326,2.335587438958483,2.496701512299081,2.9019746161410582,4.199236032967008,4.677316658503585
0.22697989949748745,0.9019196184508299,0,-9.221316810184371,10.0,3.0645510269430234e-05,-1.1241936426504555,2.794688395171711,0.3330867483146565,-2.034605087295566,2.0173990109393385,-0.3469042584180813,-2.808505905275137,1.1069875662942277,0.0013869330532478765,1.340372966730911,1.4638769202786786,2.333408114987752,2.499106746933259,2.9069040062963705,4.192997871038298,4.687028093399901
0.23451256281407037,0.9010306102827491,0,-9.207509618212185,10.0,3.583086739080437e-05,-1.1221396989825336,2.796168409312498,0.3312930576680886,-2.0371689118340632,2.0194529546072593,-0.34542424427729584,-2.810299595921705,1.1044237417557297,0.0015789867270542997,1.3356212591210497,1.4671998361740957,2.33127868911135,2.5014639854814664,2.911974379798335,4.1868498432448,4.696781943982913
0.2420452261306533,0.9001235048606308,0,-9.193745526632787,10.0,4.161914140134263e-05,-1.120052937513424,2.7976568092231933,0.329518789401941,-2.0397356697779507,2.02153971607637,-0.34393584436660096,-2.8120738641878527,1.101856983811842,0.0017902057992154952,1.3307416866374497,1.4706279139574359,2.3292007147016625,2.503771169348561,2.9171837351157843,4.180793563315395,4.706578094144268
0.24957788944723622,0.8991971415626293,0,-9.180024736566901,10.0,4.8036304845199674e-05,-1.1179311194876718,2.7991549760775087,0.3277650109961607,-2.0423037409821587,2.023661534102122,-0.3424376775122843,-2.813827642593633,1.0992889126076344,0.0020218075362570115,1.3257362979441518,1.4741609170433339,2.327175762419474,2.506026218530151,2.922530074211161,4.174830670056267,4.716416445729011
0.2571105527638191,0.8982503293792877,0,-9.166347456546735,10.0,5.51022163974857e-05,-1.115771982197517,2.8006642714264496,0.3260327696182731,-2.0448714958755567,2.025820671392276,-0.3409283821633442,-2.815559883971521,1.096721157714236,0.002275045641100941,1.3206071326968414,1.4777986139569066,2.3252054218162415,2.5082270315949975,2.9280114062096514,4.168962826520907,4.726296918572354
0.26464321608040203,0.8972818559579963,0,-9.152713902641752,10.0,6.282929639776705e-05,-1.1135732615084768,2.8021860206666394,0.3243230756056764,-2.0474373182105894,2.028019392081317,-0.33940663292315276,-2.817269577984116,1.0941553353792053,0.0025512104043622225,1.315356217998822,1.4815407790678456,2.323291302892702,2.510371485811855,2.9336257508772965,4.1631917191163295,4.736219450527445
0.27217587939698495,0.8962904980006241,0,-9.139124298586347,10.0,7.122117528673008e-05,-1.1113327169413498,2.8037214952547993,0.3226368847367749,-2.0499996302536085,2.030259936648443,-0.33787115833499387,-2.8189557688530176,1.0915930233361852,0.002851628860253689,1.3099855651932633,1.4853871932030445,2.3214350375716792,2.5124574374642985,2.939371141898852,4.1575190566457945,4.746183997473642
0.2797085427135679,0.8952750329775137,0,-9.12557887590717,10.0,8.02713498100473e-05,-1.1090481591085577,2.805271893877572,0.32097507950034765,-2.052556920201875,2.032544494481236,-0.3363207597122212,-2.8206175740894457,1.0890357333879173,0.0031776649302547835,1.3044971670225145,1.4893376441215196,2.3196382810389538,2.5144827224005293,2.945245629946767,4.151946569287629,4.756190533293943
0.2872412060301508,0.8942342520818348,0,-9.11207787404757,10.0,8.996188796183488e-05,-1.1067174792111025,2.8068383228418545,0.3193384496264175,-2.0551077715259543,2.034875174378691,-0.33475433074793925,-2.822254203963375,1.0864848820638389,0.0035307195356320863,1.2988929951811117,1.4933919268398594,2.3179027129040137,2.5164451568669044,2.95124728553324,4.146476007508446,4.76623904981048
0.2947738693467337,0.8931669743042173,0,-9.098621540486421,10.0,0.00010026222931527907,-1.1043386802040354,2.8084217760080312,0.3177276721969537,-2.0576508938437392,2.037253973385757,-0.33317087758176245,-2.8238649813928394,1.0839417597460532,0.003912230658324774,1.2931749982823542,1.497549843802444,2.3162300381332135,2.5183425386729295,2.9573742016384497,4.14110914090793,4.776329556667495
0.30230653266331664,0.8920720614603043,0,-9.085210130848608,10.0,0.0001111281323104925,-1.1019099091378155,2.810023114643926,0.3161432917076157,-2.060185154838992,2.039682744451977,-0.3315695389458675,-2.8254493618821774,1.081407498750802,0.004323673329592898,1.2873451002494316,1.5018112048982366,2.314621987711634,2.5201726487314784,2.9636244961094134,4.135847756990651,4.786462081152907
0.30983919597989956,0.8909484339531838,0,-9.071843909004526,10.0,0.0001225008238155248,-1.0994294900809647,2.811643047630376,0.31458570050229007,-2.0627096126434963,2.0421631635088286,-0.3299496059594171,-2.827006953087503,1.0788830409462968,0.004766559527033374,1.2814051991307944,1.5061758273346706,2.3130803189975957,2.52193325301041,2.96999631382598,4.130693659858529,4.796636667951945
0.31737185929648243,0.8897950870008166,0,-9.058523147156475,10.0,0.00013430640845985152,-1.0968959569318248,2.8132821124962506,0.31305512004654273,-2.0652235480133747,2.0446966966579683,-0.32831054109354285,-2.8285375335432494,1.0763691055764184,0.0052424379634905096,1.275357166326062,1.5106435353889238,2.3116068157451775,2.5236221049204333,2.976487828633107,4.125648668816144,4.806853378829828
0.32490452261306535,0.8886111070068369,0,-9.045248125910266,10.0,0.00014645559542155476,-1.0943080853375002,2.8149406577994505,0.311551583542538,-2.0677264955495964,2.0472845682522927,-0.3266519957903425,-2.8300410700472547,1.0738661580401976,0.005752893756216919,1.2692028461935574,1.5152141600669708,2.3102032877857006,2.5252369481488093,2.9830972450415842,4.120714616879211,4.817112292244605
0.33243718592964827,0.8873956877036494,0,-9.032019134331414,10.0,0.00015884379811311727,-1.0916649228614403,2.8166188273978996,0.31007492041355006,-2.070218273145068,2.049927730728353,-0.3249738261918932,-2.8315177331762436,1.071374380444725,0.006299547971268338,1.2629440559945653,1.5198875387106634,2.308871570378208,2.526775519929835,2.9898227997034383,4.115893349175573,4.827413502896319
0.3399698492462312,0.8861481456519018,0,-9.018836469986226,10.0,0.00017135165719577068,-1.0889658164827627,2.8183165471679703,0.3086247431983853,-2.0726990087902672,2.0526268371070295,-0.3232761064218241,-2.832967910391408,1.0688936447995263,0.006884057046515299,1.2565825861131383,1.5246635146021197,2.30761352326111,2.528235554721508,2.996662762672313,4.111186721227339,4.837757121224131
0.3475025125628141,0.8848679346430546,0,-9.00570043896952,10.0,0.00018384602925376723,-1.0862104364760734,2.8200335147242312,0.307200437392048,-2.075169163841109,2.0553822171137193,-0.32155913886556176,-2.8343922161977453,1.066423489748684,0.007508112106371402,1.2501202004752172,1.5295419366216825,2.306431029460982,2.5296147882344457,3.003615438463625,4.106596597102963,4.848143272868505
0.35503517587939704,0.883554658524592,0,-8.992611355921959,10.0,0.00019618147209593342,-1.0833987957149762,2.8217691926717134,0.30580115474679603,-2.077629551850873,2.058193857874817,-0.31982346091807934,-2.8357914988429975,1.0639631017389195,0.008173438191975014,1.243558637078191,1.5345226590203043,2.3053259939386814,2.5309109617356462,3.010679166933994,4.102124847429011,4.858572098121123
0.36256783919597996,0.8822080819537295,0,-8.979569544041517,10.0,0.0002082022429961433,-1.080531263471208,2.8235228058774733,0.3044258105050683,-2.080081352097025,2.0610613901185855,-0.31806984771231867,-2.8371668430847246,1.0615113014927686,0.008881793441103,1.2368996085329962,1.5396055413682141,2.3043003421754062,2.5321218265275016,3.0178523240034543,4.097773347253465,4.869043751389394
0.3701005025125629,0.8808281385878547,0,-8.966575335094756,10.0,0.0002197448083797829,-1.077608572847387,2.825293343181602,0.303073084971833,-2.0825261169964775,2.063984080742406,-0.3162993104081911,-2.83851956861796,1.0590665365933152,0.009634968262095875,1.230144802517061,1.544790448738867,2.3033560188201534,2.5332451484839553,3.025133322247621,4.093543973755412,4.879558400706124
0.3776331658291458,0.8794149362415344,0,-8.953629069434832,10.0,0.00023064084290472245,-1.0746318210885077,2.827079563877501,0.3017414297476289,-2.084965772702424,2.066960832501285,-0.3145130897122922,-2.839851223842165,1.0566268808873693,0.010434784553941971,1.2232958820386166,1.5500772521798358,2.302494986532843,2.534278712512689,3.032520611389341,4.089438603799975,4.89011622731623
0.38516582914572867,0.8779687585824819,0,-8.94073109603362,10.0,0.00024072067317542048,-1.0716024621656801,2.828880009178718,0.3004290788358915,-2.0874026123126272,2.069990191424113,-0.31271264441107594,-2.841163574753901,1.0541900412771663,0.01128309503002719,1.216354485422037,1.5554658295106736,2.3017192251624015,2.5352203268066344,3.0400126787204593,4.085459111342267,4.900717425371893
0.3926984924623116,0.8764900630041369,0,-8.927881772535793,10.0,0.00024981709735172965,-1.0685222912148122,2.8306930187560635,0.2991340647103296,-2.0898392812929387,2.0730703623749807,-0.31089963483372923,-2.842458588879463,1.0517533722968546,0.01218178270453114,1.2093222259400618,1.5609560664721092,2.3010307313945138,2.5360678267516845,3.0476080494835576,4.081607364689265,4.911362201764798
0.4002311557788945,0.8749794744006003,0,-8.915081465342157,10.0,0.0002577694877647756,-1.0653934206392277,2.832516752277908,0.29785423928333543,-2.0922787549276713,2.0761992329505654,-0.3090759013118854,-2.8437384143064572,1.0493138986621218,0.013132760597548754,1.2022006910416891,1.566547858231959,2.3004315189887006,2.5368190783709754,3.0553052872410738,4.077885223634174,4.922050776118422
0.40776381909547743,0.8734377746801514,0,-8.902330549728617,10.0,0.00026442806067338535,-1.0622182479436038,2.834349215722063,0.29658729955808844,-2.094724307846623,2.0793744056461883,-0.30724343786772995,-2.845005354031705,1.0468683457431707,0.01413797170749722,1.194991441153065,1.5722411112321524,2.2999236196986557,2.537471981209714,3.0631029942547445,4.074294536483074,4.93278338095602
0.41529648241206035,0.8718658879835471,0,-8.889629410005586,10.0,0.00026965817691469723,-1.058999415647581,2.836188292056598,0.295330817581487,-2.0971794759388316,2.082593237942212,-0.30540436153319517,-2.8462618360083067,1.044413177650961,0.015199389287070939,1.1876960080609666,1.5780357453397638,2.2995090849343773,2.538024470597502,3.0709998118921726,4.070837136997998,4.943560262050093
0.4228291457286433,0.8702648617196516,0,-8.876978439720446,10.0,0.0002733445209942242,-1.0557397639216415,2.8380317757149482,0.29408227414782256,-2.099648011237793,2.085852889668151,-0.3035608778748454,-2.847510379441971,1.0419446423520007,0.01631901744265936,1.1803158929225825,1.5839316962444656,2.299189988181377,2.5384745192654683,3.078994421069885,4.067514841284283,4.954381678948462
0.4303618090452262,0.8686358436876591,0,-8.864378041903203,10.0,0.0002753949955841777,-1.0524422768815027,2.839877410126713,0.2928390955423411,-2.1021338306400192,2.089150376708291,-0.3017152434630805,-2.8487535580474526,1.0394588229497737,0.017498892057946486,1.1728525639777267,1.5899289180275946,2.2989684281443017,2.53882013834047,3.087085542733954,4.064329444651705,4.96524790566075
0.4378944723618091,0.8669800557160909,0,-8.851828629352763,10.0,0.00027574416483698436,-1.0491100237571012,2.8417229274171665,0.2915986924669748,-2.1046409595865843,2.0924826298326926,-0.29986972617262664,-2.8499939611228187,1.0369516940032093,0.018741082021426828,1.1653074540683102,1.5960273858152645,2.2988465325333847,2.539059377784577,3.0952719383708693,4.0612827184795846,4.976159231478326
0.44542713567839204,0.8652987644053703,0,-8.839330624958567,10.0,0.00027435608439391537,-1.0457460964024272,2.843566089264828,0.29035850016635945,-2.1071734720812976,2.095846557187366,-0.2980265643249655,-2.851234153423434,1.0344191815084953,0.02004769071725856,1.157681958091334,1.6022270984214206,2.298826462366537,2.5391903263908744,3.1035524105335166,4.058376407114331,4.987115961891788
0.4529597989949749,0.8635932497051875,0,-8.826884462049941,10.0,0.00027122636920855035,-1.042353544819331,2.845404727814669,0.2891160186778301,-2.1097354286267476,2.099239108770461,-0.296187925775126,-2.852476634911964,1.0318572249630455,0.02142085772059289,1.1499774305239,1.608528080887229,2.2989104166221637,2.5392111114820737,3.1119258033607946,4.055612224825129,4.99811841956315
0.4604924623115578,0.8618647721805622,0,-8.814490584763835,10.0,0.00026638337241868603,-1.0389353125171854,2.8472367854924157,0.2878688520724506,-2.1123308138157615,2.1026573410726073,-0.29435586809737685,-2.8537238015173414,1.0292618397740334,0.022862760624566967,1.1421951831601154,1.614930386830749,2.2991006370516565,2.539119898482781,3.120391003064968,4.052991852839254,5.009166945306708
0.46802512562814075,0.8601145399137768,0,-8.802149448420412,10.0,0.00025988837915567555,-1.0354941736106056,2.8490603525574407,0.28661474553989735,-2.1149634754105913,2.1060984799791878,-0.29253230103235145,-2.854977908049895,1.0266291781792016,0.02437561691793446,1.1343364831896638,1.621434100535465,2.2993994129492354,2.5389148905466783,3.1289469383590167,4.050516936473299,5.020261899032872
0.47555778894472367,0.8583436760452284,0,-8.789861519895974,10.0,0.0002518347572973458,-1.0320326735597696,2.8508737012719694,0.2853516192029309,-2.1176370667643982,2.109559980030022,-0.29071895231782385,-2.8562410343868625,1.0239555868253951,0.02596168583077169,1.1264025517267933,1.6280393387264611,2.2998090856819213,2.5385943284146926,3.137592580797194,4.0481890823714775,5.03140366061313
0.4830904522613066,0.8565531879697218,0,-8.777627277983363,10.0,0.00024234605120065724,-1.0285530753787024,2.8526753156530984,0.28407759762792534,-2.1203549943841646,2.1130395782110907,-0.28891733793669555,-2.8575150559618687,1.0212376592056283,0.027623270071456308,1.1183945628684837,1.6347462520070253,2.3003320528038533,2.5381564906593583,3.1463269450054927,4.046009855856981,5.042592630632265
0.4906231155778895,0.8547439391718585,0,-8.765447213731793,10.0,0.00023157305218054976,-1.0250573129750589,2.854463915909901,0.2827910341258845,-2.1231203722982817,2.116535340614735,-0.2871287376798925,-2.8588016194639088,1.0184722812915117,0.029362717390393003,1.1103136433238083,1.6415550259546334,2.300970771615593,2.537599694435838,3.1551490887849716,4.043980778398286,5.053829231004092
0.49815577889447243,0.8529166246045807,0,-8.753321830760278,10.0,0.00021968992836575473,-1.0215469530457402,2.8562384768460403,0.28149052910947847,-2.125935984677777,2.1200457005440514,-0.2853541767437535,-2.8601021244803144,1.015656668912017,0.0311824219238967,1.1021608726171752,1.6484658819003566,2.3017277620764527,2.536922296814555,3.164058113078316,4.042103325189375,5.065113905439361
0.5056884422110554,0.8510717503905971,0,-8.741251645541835,10.0,0.00020688954368461513,-1.018023166644775,2.8579982397216273,0.28017494197922505,-2.128804257875017,2.123569486945018,-0.2835944138681658,-2.8614177116105677,1.0127883957147772,0.033084825293120894,1.0939372838291297,1.6554790774384422,2.30260560903245,2.5361226967184307,3.1730531617988995,4.040378922841398,5.076447119767312
0.5132211055276382,0.84920961846236,0,-8.729237187658565,10.0,0.00019337813810481796,-1.0144867111770572,2.859742717307271,0.27884339624729776,-2.1317272426984863,2.1271059424127357,-0.28184993628252253,-2.862749257342496,1.0098654108913063,0.035072417455986805,1.0856438648043059,1.66259490673021,2.3036069637780794,2.535199337434729,3.182133421530369,4.038808947183473,5.087829362124591
0.5207537688442212,0.8473303165602731,0,-8.717279000030667,10.0,0.00017936957606270383,-1.0109379231709643,2.8614716921166923,0.2774952778590976,-2.1347066073534915,2.130654730418828,-0.28012096147310095,-2.8640973757306947,1.0068860462363027,0.037147737332095865,1.077281559729075,1.6698137006780167,2.304734545021907,2.5341507096222484,3.191298121112473,4.0373947211718715,5.099261143035636
0.5282864321608041,0.8454337137908485,0,-8.70537763912484,10.0,0.0001650793947158828,-1.007376721764253,2.863185208059821,0.27613022692857503,-2.137743641064837,2.13421593182554,-0.2784074455299724,-2.8654624266612183,1.0038490125249555,0.03931337323958512,1.0688512709645959,1.6771358270494174,2.3059911393686887,2.5329753546943214,3.200546531135313,4.036137512909519,5.11074299541638
0.535819095477387,0.8435194617181706,0,-8.693533675149416,10.0,0.0001507188962864192,-1.0038026224225622,2.8648835560027424,0.2747481233500607,-2.140839267980545,2.1377900311672304,-0.2767090975870516,-2.866844530239732,1.0007533856092483,0.04157196319687869,1.0603538610146521,1.684561690629423,2.307379601460886,2.531671868429731,3.209877963368189,4.035038533781074,5.12227547453745
0.5433517587939699,0.8415870007358582,0,-8.68174769224442,10.0,0.00013648952811941796,-1.0002147600198983,2.866567253941698,0.273349066973996,-2.1439940705576723,2.1413778935698944,-0.2750253996480966,-2.8682435866157974,0.9975985830321211,0.04392619515039874,1.051790154511997,1.692091733470438,2.3089028539377323,2.5302389046498117,3.2192917701507846,4.034098936712146,5.133859157983926
0.5508844221105529,0.839635571255191,0,-8.670020288675136,10.0,0.00012257777978517023,-0.9966119200659743,2.868237022684229,0.2719333532248145,-2.1472083212740514,2.144980733523819,-0.27335563090556425,-2.869659300364978,0.9943843323157431,0.04637880719081163,1.0431609401207302,1.699726435296505,2.3105638873701992,2.528675178800625,3.228787343773776,4.033319814564626,5.145494645646373
0.5584170854271358,0.8376642290598377,0,-8.658352077036946,10.0,0.00010915079922045612,-0.9929925765842217,2.8698937580719943,0.27050144518604075,-2.1504820212129494,2.148600077005571,-0.2716988955177993,-2.8710912084037528,0.991110632376843,0.048932587816203,1.0344669722727833,1.7074663141028101,2.31236576031668,2.5269794712931577,3.238364115872955,4.032702198682196,5.157182559772715
0.5659497487437186,0.8356718640288863,0,-8.64674368447807,10.0,9.635289110624098e-05,-0.989354934941073,2.871538500869693,0.2690539432729918,-2.153814943847561,2.1522377186487205,-0.2700541527200997,-2.872538710316801,0.9877777097422322,0.051590376291278356,1.0257089726815376,1.715311926974627,2.3143115996195753,2.5251506304789593,3.2480215568564073,4.032247057601738,5.168923545103578
0.5734824120603016,0.8336572213248651,0,-8.635195752945188,10.0,8.430301276154075e-05,-0.9856969778105313,2.873172405479699,0.26759155365339315,-2.157206682219337,2.155895675779262,-0.2684202481100941,-2.8740010999364003,0.9843859713704558,0.054355063139212616,1.0168876316017887,1.723263871133887,2.3164046010312243,2.5231875751703723,3.257759175378903,4.0319552959464176,5.18071826910578
0.5810150753768845,0.8316189240872803,0,-8.623708939455042,10.0,7.309332900974047e-05,-0.9820165124329893,2.874796708621244,0.26611505655936873,-2.1606566976652486,2.159576141156804,-0.2667959449685488,-2.8754775970304243,0.9809359559245446,0.05722959078865687,1.0080036088297333,1.7313227852081463,2.318648030222998,2.5210892966489262,3.267576517871846,4.031827753515568,5.192567422310889
0.5885477386934674,0.8295554966662211,0,-8.612283916393341,10.0,6.278883127564829e-05,-0.97831121739164,2.8764126990398227,0.2646252755637635,-2.1641643683025027,2.1632814361981536,-0.2651799545499702,-2.8769673780260305,0.9774282852872894,0.06021695438442796,0.9990575344575624,1.7394893507060694,2.321045224197351,2.5188548601392595,3.277473168131798,4.03186520458469,5.204471718758555
0.5960804020100503,0.8274653874729103,0,-8.60092137184077,10.0,5.3427971380760905e-05,-0.9745786872765126,2.8780216891928134,0.26312304877560017,-2.167729035619059,2.1670139663132804,-0.2635709643969805,-2.8784696048141933,0.9738636179707351,0.0633202027580751,0.9900500094127967,1.7477642936771733,2.3235995930933195,2.5164834057555496,3.2874487469660365,4.032068357426342,5.21643189653887
0.6036130653266333,0.8253469906101827,0,-8.589622009924547,10.0,4.502421080028308e-05,-0.9708164738234034,2.8796249896999004,0.26160920275233507,-2.1713500477323304,2.170776179766389,-0.26196766388989257,-2.879983450837458,0.9702426058574634,0.06654243954480461,0.980981605822166,1.7561483865305865,2.32631462235302,2.5139741489507985,3.297502911890273,4.032437854059973,5.228448718424042
0.6111457286432161,0.8231986655680444,0,-8.578386551193478,10.0,3.756834471249117e-05,-0.9670221223863392,2.881223887162698,0.2600845297417397,-2.175026798150218,2.1745705312034533,-0.26036876642709594,-2.8815081238480538,0.9665658554395753,0.06988682442674164,0.9718528672438839,1.7646424499880606,2.329193875201611,2.511326380515252,3.3076353568716086,4.032974270235623,5.240522972577804
0.6186783919597991,0.8210187544184274,0,-8.567215733013718,10.0,3.10314295351546e-05,-0.9631932029090341,2.8828196257588736,0.25854976866580426,-2.1787587591784368,2.1783994506807582,-0.2587730278309203,-2.8830428849239884,0.9628338944113571,0.07335657447920292,0.9626643088111339,1.7732473551494947,2.3322409953860133,2.5085394661786924,3.317845812108914,4.0336781156535055,5.252655473330535
0.626211055276382,0.8188055961081654,0,-8.556110309982909,10.0,2.536812439208433e-05,-0.9593273348827008,2.8844133928147335,0.2570055900558006,-2.1825455094450907,2.182265318707092,-0.25717926077506104,-2.884587063533993,0.9590471441447029,0.07695496559634753,0.9534164173249082,1.7819640256540759,2.3354597101174024,2.5056128458730633,3.328134043843144,4.034549834418816,5.264847062009193
0.6337437185929649,0.816557537619187,0,-8.54507105436027,10.0,2.052025166118666e-05,-0.9554222060947823,2.8860063083679113,0.2554525849534283,-2.186386755336616,2.18617044749501,-0.2555863452218814,-2.8861400686363647,0.9552058982531764,0.08068533397439386,0.944109651327168,1.7907934399257008,2.3388538331677378,2.5025460327084885,3.338499854190971,4.035589805728827,5.277098607813181
0.6412763819095478,0.8142729419291544,0,-8.534098756511042,10.0,1.642038893769521e-05,-0.9514755852671924,2.887599418559351,0.25389125761847053,-2.1902823464395023,2.1901170683226003,-0.25399323503044163,-2.8877013959713222,0.9513103071502911,0.08455107763403019,0.9347444411771828,1.7997366334972174,2.342427268079357,2.499338611708747,3.3489430809966754,4.03679834478723,5.28941100872977
0.6488090452261307,0.8119501928550645,0,-8.523194225364062,10.0,1.2995322973638216e-05,-0.9474853289383522,2.8891936925488375,0.2523220217367987,-2.1942322853437535,2.19410732465144,-0.2523989610409563,-2.889270631852995,0.9473603682460402,0.08855565796769256,0.9253211891458559,1.808794701413266,2.346184011457409,2.4959902383436146,3.3594635976987965,4.038175703939316,5.301785192485274
0.6563417085427137,0.8095876969889794,0,-8.512358288881925,10.0,1.0169223200913932e-05,-0.9434493831491492,2.8907900225370353,0.25074519970973236,-2.1982367323750327,2.1981432704406436,-0.25080263105275863,-2.89084745388006,0.9433559212147602,0.09270260130158633,0.9158402695355937,1.8179688007160493,2.3501281563255967,2.4925006368864144,3.370061313209676,4.039722074020126,5.314222117530767
0.6638743718592965,0.8071838830339222,0,-8.501591794543678,10.0,7.866425546231303e-06,-0.9393657806420989,2.892389226401759,0.24916102452948133,-2.2022960059756436,2.2022268729476964,-0.24920342718803382,-2.892431629060312,0.9392966476141488,0.09699550046595294,0.906302028827673,1.82726015302179,2.3542638955357003,2.4888695986171165,3.380736171807409,4.041437585906782,5.326722774063226
0.6714070351758795,0.8047371989161929,0,-8.49089560984044,10.0,6.013753402908385e-06,-0.9352326343732075,2.8939920524173073,0.24756964370569717,-2.206410579547905,2.2063600192165858,-0.2476006011724853,-2.894023009884096,0.9351820740418887,0.10143801637009707,0.8967067858548041,1.8366700471982549,2.3585955252293145,2.485096979884754,3.3914881530406733,4.043322312265318,5.339288185084444
0.6789396984924624,0.8022461070877033,0,-8.480270622784587,10.0,4.5423388708071405e-06,-0.9310481281694502,2.8955991855206356,0.24597112470257762,-2.2105810756091206,2.2105445254203433,-0.24599346806915728,-2.895621528887216,0.9310115779806726,0.10603387958069174,0.8870548319940729,1.846199842155222,2.3631274483563764,2.4811827000382487,3.4023172716478154,4.045376269481653,5.351919407501525
0.6864723618090454,0.7997090784401574,0,-8.469717742433437,10.0,3.3889410106553864e-06,-0.9268105053471295,2.89721125461256,0.24436546137004816,-2.214808258091338,2.2147821482426644,-0.2443813989772333,-2.8972271922197446,0.9267843954984546,0.11078689190313325,0.8773464313741096,1.855850969760859,2.3678641782590497,2.4771267392319656,3.413223577491792,4.047599419765634,5.364617533273245
0.6940050251256282,0.7971245852359096,0,-8.45923789942833,10.0,2.4967868149759147e-06,-0.9225180560466218,2.8988288404298963,0.24275258090008092,-2.2190930235604127,2.219074597543171,-0.24276381315989748,-2.898840072689712,0.9224996300293802,0.11570092796613111,0.867581821090088,1.865624937897388,2.3728103423317157,2.4729291361110315,3.424207155512927,4.049991673416698,5.377383690607089
0.7015376884422111,0.7944910934229283,0,-8.448832046550265,10.0,1.8159832952946882e-06,-0.918169103947287,2.9004524835891323,0.24113235090374383,-2.223436392038143,2.2234235496425057,-0.24114017000066076,-2.90046030268605,0.9181562615516501,0.12077993680969447,0.8577612114205247,1.8755233336697363,2.3779706857687724,2.468589985381409,3.4352681257013384,4.052552891239067,5.390219045212044
0.7090703517587941,0.7918070546493928,0,-8.438501159292983,10.0,1.303564866015599e-06,-0.9137619929141323,2.9020826924766228,0.23950458627884946,-2.2278394979999168,2.2278306606756613,-0.2395099611131707,-2.9020880673109435,0.9137531555898757,0.12602794347608523,0.8478847860406321,1.885547826780873,2.3833500754117285,2.4641094352704793,3.4464066430907536,4.055282887094077,5.403124801612059
0.7166030150753769,0.7890708982328086,0,-8.428246236454623,10.0,9.23248936134805e-07,-0.9092950740058349,2.903719950738227,0.23786905561583205,-2.2323035819993153,2.232297579583959,-0.23787270285156586,-2.903723597973961,0.909289071590478,0.13144905060265427,0.8379527022279348,1.8957001730878504,2.3889535037064893,2.4594876848850253,3.4576228977753387,4.058181430576939,5.4161022045253215
0.7241356783919599,0.7862810232745967,0,-8.418068300748848,10.0,6.449748332524826e-07,-0.9047666931515227,2.9053647241971525,0.23622548696507542,-2.2368299832501144,2.2368259604382716,-0.23622792939264062,-2.9053671666247185,0.9047626703396779,0.13704744001456817,0.8279650910567435,1.90598221835272,2.39478609278074,2.454724981474788,3.4689171149508917,4.061248249805015,5.42915254031438
0.7316683417085428,0.7834357910488691,0,-8.407968399436447,10.0,4.442979788524236e-07,-0.9001751796895789,2.9070174670979068,0.23457357285779107,-2.241420133383517,2.2414174739002144,-0.23457518649188563,-2.9070190807320024,0.9001725202062768,0.14282737431455106,0.817922057578939,1.9163959022029158,2.4008530986503938,2.4498216176110117,3.4802895549816166,4.064483034304531,5.442277138512083
0.7392010050251258,0.780533517736958,0,-8.39794760497833,10.0,3.0170377310036306e-07,-0.8955188358609791,2.908678627633992,0.2329129745318308,-2.2460755514994375,2.246073817728814,-0.23291402595580146,-2.908679679057962,0.895517102090355,0.14879319846592243,0.807823680989192,1.9269432623163456,2.4071599155631347,2.444777928290291,3.4917405134935486,4.067885437982796,5.455477373428784
0.7467336683417086,0.7775724675300246,0,-8.388007015710848,10.0,2.0189546279346016e-07,-0.8907959272662251,2.9103486527651943,0.23124332536160658,-2.250797840549485,2.2507967263235678,-0.23124400082459895,-2.910349328228186,0.8907948130403075,0.15494934136427505,0.7976700147732299,1.9376264388471238,2.4137120804864267,2.439594287974902,3.5032703214955405,4.071455082172931,5.4687546658459105
0.7542663316582916,0.7745508460820442,0,-8.378147756544417,10.0,1.3309866408776126e-07,-0.8860046742301495,2.912027992366816,0.229564233527154,-2.255588685026897,2.255587979359645,-0.22956466122297664,-2.9120284200626396,0.8860039685628954,0.16130031739238604,0.7874610868381907,1.9484476791087797,2.4205152777462504,2.434271107581569,3.514879345528681,4.075191558738473,5.482110484801747
0.7617989949748745,0.7714667942650377,0,-8.368370979686336,10.0,8.641345355036708e-08,-0.8811432439724722,2.913717102778155,0.22787528398170892,-2.260449849895352,2.2604494096173213,-0.22787555081163827,-2.913717369608085,0.8811428036944412,0.16785072795207515,0.7771968996243251,1.9594093425329226,2.4275753437794583,2.428808831473983,3.5265679878449747,4.079094433225502,5.495546349475356
0.7693316582914573,0.7683183821571173,0,-8.35867786538892,10.0,5.523394168234079e-08,-0.8762097434523585,2.915416449832472,0.22617603979129236,-2.2653831806621962,2.265382910137435,-0.22617620375732134,-2.9154166137985014,0.8762094729275962,0.1746052629659456,0.7668774301974981,1.9705139059224588,2.4232079341274635,2.434898272349199,3.5383366866160357,4.083163248050359,5.509063831174916
0.7768643216080403,0.7651036031807116,0,-8.349069622723809,10.0,3.474573240088478e-08,-0.8712022127398696,2.9171265114570684,0.22446604292531025,-2.2703906044901077,2.270390440849923,-0.22446614213272492,-2.9171266106644835,0.8712020490996856,0.18156870234101302,0.7565026303220591,1.9817639690198587,2.4174689175763135,2.4424902191303586,3.5501859161725697,4.087397525711475,5.522664555437352
0.7843969849246232,0.7618203683016382,0,-8.339547490383701,10.0,2.1503968557924722e-08,-0.8661186187629596,2.918847779931953,0.22274481457603762,-2.2754741322412166,2.2754740348268347,-0.22274487365784024,-2.9188478390137553,0.8661185213485759,0.18874591738541516,0.7460724265136968,1.993162260412425,2.411592307724845,2.450357507601078,3.5621161872754414,4.091796772014522,5.536350204246532
0.7919296482412062,0.7584665001980264,0,-8.330112737512493,10.0,1.3088976544163727e-08,-0.8609568492826111,2.9205807638907713,0.22101185507890714,-2.2806358613565703,2.2806358043071824,-0.2210118896990224,-2.920580798510886,0.8609567922332224,0.19614187216837115,0.7355867200719232,2.0047116437981436,2.4055786515579918,2.4585066342210338,3.574128047419128,4.096360479300621,5.55012251837792
0.799462311557789,0.7550397273096563,0,-8.320766664565067,10.0,7.832637728989666e-09,-0.8557147069576959,2.922325990140027,0.21926664349661537,-2.2858779794881596,2.2858779466320973,-0.2192666634497667,-2.9223260100931774,0.8557146741016338,0.20376162481253252,0.7250453870918797,2.01641512463744,2.3994285139818508,2.466944274182138,3.586222081168352,4.101088129668097,5.563983299878119
0.806994974874372,0.7515376776818262,0,-8.311510604197919,10.0,4.606470811599039e-09,-0.850389903372872,2.9240840053634627,0.21750863691944028,-2.291202768818757,2.2912027502169208,-0.21750864822633048,-2.9240840166703532,0.8503898847710369,0.21161032870675492,0.7144482784550967,2.0282758572180577,2.3931424747575587,2.4756772872836033,3.59839891052875,4.105979198179001,5.5779344146884995
0.8145276381909549,0.7479578725219471,0,-8.302345922191968,10.0,2.661499045227023e-09,-0.8449800529150884,2.9258553777691576,0.21573726952323494,-2.296612611023939,2.2966126006747043,-0.21573727582063504,-2.925855384066559,0.8449800425658547,0.21969323362606683,0.7037952197989263,2.0402971521623225,2.3867211254646055,2.484712724010114,3.6106591953525506,4.1110331560423266,5.5919777954228165
0.8220603015075378,0.7442977193908837,0,-8.293274018408804,10.0,1.51014533110728e-09,-0.8394826663956675,2.9276406987280557,0.21395195141585424,-2.3021099928500846,2.3021099871941253,-0.21395195486173782,-2.927640702173939,0.8394826607397089,0.22801568674429284,0.6930860114642352,2.052482484408322,2.380165066501932,2.49405783181873,3.623003633780034,4.11624947376676,5.606115444309455
0.8295929648241207,0.7405545049538366,0,-8.284296327781858,10.0,8.411637858927456e-10,-0.83389514432442,2.9294405844449747,0.21215206729301847,-2.3076975123005323,2.3076975092653726,-0.2121520691448184,-2.9294405862967747,0.8338951412892615,0.2365831335233117,0.6823204284210563,2.0648355016988518,2.373474904133639,2.503720061641067,3.6354329627179287,4.121627624276426,5.620349436310016
0.8371256281407036,0.7367253872168064,0,-8.275414321343948,10.0,4.5977183070282666e-10,-0.8282147697491672,2.9312556776969,0.2103369749159461,-2.3133778854393046,2.313377883840626,-0.21033697589289282,-2.9312556786738475,0.8282147681504888,0.24540111846133172,0.6714982201717532,2.077360033614636,2.366651247585265,2.513707074607398,3.647947958355674,4.127167085984075,5.634681922426658
0.8446582914572865,0.7328073871742349,0,-8.26662950729276,10.0,2.465089454325243e-10,-0.8224387005782847,2.93308664966849,0.20850600341552783,-2.3191539538376813,2.3191539530115084,-0.20850600392130314,-2.9330866501742654,0.8224386997521119,0.25447528568085165,0.6606191106313407,2.0900601011910758,2.35969470619578,2.524026748999331,3.6605494367206513,4.132867345816848,5.64911513321196
0.8521909547738694,0.7287973797908761,0,-8.257943432095884,10.0,1.295921389744775e-10,-0.816563961305059,2.934934201911512,0.20665845142143066,-2.3250286927034645,2.325028692284734,-0.20665845167828067,-2.934934202168363,0.8165639608863291,0.2638113793350453,0.649682797984512,2.1029399271608455,2.3526058866296666,2.5346871874376773,3.673238254273535,4.1387279021905785,5.6636513824960195
0.8597236180904524,0.7246920842365585,0,-8.249357681637132,10.0,6.677336481431542e-11,-0.8105874340512057,2.9367990684529324,0.20479358500896377,-2.3310052197466393,2.3310052195385875,-0.20479358513686058,-2.9367990685808296,0.8105874338431538,0.2734152438092787,0.6386889545189003,2.116003946867844,2.345385390152715,2.54569672431211,3.6860153085449894,4.14474826792934,5.67829307134685
0.8672562814070353,0.7204880532859093,0,-8.24087388240596,10.0,3.3706890850105394e-11,-0.8045058488426148,2.9386820180756663,0.20291063545170912,-2.3370868048484743,2.3370868047471793,-0.20291063551412677,-2.938682018138084,0.8045058487413181,0.2832928236922233,0.6276372264341229,2.129256819901591,2.338033809974409,2.557063933459058,3.698881538814987,4.150927973127836,5.693042692281619
0.8747889447236182,0.7161816617864677,0,-8.232493702731805,10.0,1.6662970768688632e-11,-0.7983157730235583,2.9405838567964016,0.2010087967635491,-2.3432768806145434,2.3432768805662345,-0.20100879679339193,-2.940583856826244,0.7983157729752501,0.2934501634885712,0.6165272336260454,2.142703442504886,2.3305517286590645,2.5687976360940974,3.711837926836043,4.157266567954713,5.7079028337476725
0.8823216080402011,0.7117690940877075,0,-8.224218854065425,10.0,8.063138046817388e-12,-0.7920135997061537,2.9425054305662353,0.19908722300958495,-2.349579053906195,2.34957905388364,-0.19908722302355777,-2.9425054305802085,0.7920135996835976,0.30389340704276874,0.6053585694457514,2.1563489608116395,2.3229397156072067,2.580906909004922,3.724885497601896,4.163763625395837,5.722876184894094
0.8898542713567841,0.7072463303102514,0,-8.216051092309257,10.0,3.818231152122e-12,-0.7855955351398914,2.9444476282221,0.19714502536128806,-2.3559971184602095,2.3559971184499022,-0.1971450253676932,-2.9444476282285055,0.7855955351295835,0.3146287966403031,0.594130800432607,2.1701987849761744,2.3151983246080388,2.5934010930105877,3.7380253201630476,4.170418743937092,5.737965540656415
0.8973869346733669,0.7026091313186453,0,-8.20799221919903,10.0,1.769314595735142e-12,-0.7790575848712404,2.946411384720015,0.19518126886690454,-2.3625350687231634,2.3625350687185525,-0.19518126886977877,-2.9464113847228885,0.7790575848666305,0.3256626717499755,0.5828434660207961,2.184258604260022,2.3073280914632273,2.6062898016923692,3.7512585084908108,4.177231550186915,5.753173807179092
0.9049195979899498,0.6978530222422413,0,-8.200044083738934,10.0,8.036386572085643e-13,-0.7723955385455877,2.948397684685128,0.19319496890339846,-2.3691971150462257,2.3691971150442055,-0.19319496890466384,-2.948397684686396,0.7723955385435675,0.3370014673673134,0.5714960782186417,2.198534403147261,2.299329531681626,2.619582930401041,3.764586222391553,4.1842017014394335,5.768504007602671
0.9124522613065328,0.6929732743664803,0,-8.192208583692755,10.0,3.601515717154274e-13,-0.7656049531826035,2.950407566318317,0.19118508727092481,-2.375987700408061,2.375987700407189,-0.1911850872714732,-2.9504075663188716,0.7656049531817326,0.3486517119156832,0.5600881212600382,2.213032478564953,2.291203138244095,2.6332906655447426,3.7780096684729427,4.191328888179603,5.783959288245178
0.9199849246231157,0.6879648851906089,0,-8.18448766713359,10.0,1.6240037285453854e-13,-0.7586811347310447,2.9524421257048488,0.18915052788470169,-2.3829115188591237,2.3829115188587484,-0.18915052788494152,-2.9524421257050943,0.7586811347306696,0.3606200246577165,0.5486190512271708,2.227759458290987,2.2829493794370146,2.6474234941608468,3.7915301011640303,4.1986128365322495,5.799542925209785
0.9275175879396986,0.6828225564168788,0,-8.176883334054775,10.0,7.247133867184714e-14,-0.7516191176792555,2.954502521577587,0.18709013201210214,-2.389973535910698,2.3899735359105425,-0.18709013201220498,-2.954502521577692,0.7516191176790906,0.3729131125657373,0.5370882956437616,2.2427223206379385,2.2745686967526275,2.661992213774288,3.805148823791242,4.206053310657446,5.815258331454317
0.9350502512562815,0.677540669599588,0,-8.169397638044927,10.0,4.573244679392869e-14,-0.7444136424624292,2.9565899805953553,0.18500267299438192,-2.3971790111274465,2.3971790111273594,-0.1850026729944354,-2.956589980595414,0.7444136424623512,0.38553776659523054,0.5254952530379376,2.257928415508175,2.266061502853961,2.677007942543667,3.818867189712436,4.213650115095098,5.831109064361049
0.9425829145728645,0.672113259138744,0,-8.162032688030054,10.0,4.4181523692990025e-14,-0.7370591303657124,2.958705803207027,0.18288685038271682,-2.4045335232241545,2.4045335232240763,-0.18288685038276342,-2.958705803207079,0.7370591303656434,0.3985008573009076,0.5138392924738243,2.257428179601671,2.2733854869225865,2.6924821296951826,3.83268660351115,4.221403097062083,5.8470988338495316
0.9501155778894473,0.6665339822512488,0,-8.154790650085905,10.0,4.429644653432853e-14,-0.7295496555721839,2.960851370183411,0.18074128340633433,-2.4120429980176805,2.4120429980176046,-0.18074128340637946,-2.960851370183462,0.7295496555721174,0.41180932972976475,0.5021197530508453,2.2486690761397847,2.289101697132832,2.708426566242704,3.846608522253578,4.229312148705493,5.863231511079044
0.9576482412060303,0.6607960854904357,0,-8.147673749323895,10.0,4.449064667067378e-14,-0.7218789139450063,2.9630281499132116,0.17856450367653512,-2.4197137396448554,2.419713739644782,-0.1785645036765786,-2.963028149913261,0.7218789139449425,0.4254701975203848,0.49033594336971514,2.2397845070370157,2.305085652435045,2.724853395990568,3.8606344568107067,4.237377209316204,5.879511137792068
0.9651809045226132,0.6548923673100056,0,-8.14068427185411,10.0,4.471013167747774e-14,-0.714040188060586,2.9652377065762083,0.1763549470135391,-2.427552465529274,2.4275524655292027,-0.1763549470135819,-2.965237706576257,0.7140401880605237,0.4394905361321263,0.47848714096397854,2.2307747504800504,2.321346430811449,2.7417751268133723,3.874765973248352,4.245598267506999,5.8959419363554835
0.972713567839196,0.6488151360784102,0,-8.133824566829096,10.0,4.4145415343457055e-14,-0.706026307922685,2.9674817093271897,0.1741109442625597,-2.435566345667172,2.4355663456671035,-0.17411094426260082,-2.9674817093272363,0.706026307922626,0.4538774751220496,0.46657259169591614,2.2216400465148993,2.3378936115351956,2.759204642204421,3.8890046942879053,4.253975363359998,5.912528320561753
0.980246231155779,0.6425561628402584,0,-8.127097048572368,10.0,4.461421071229221e-14,-0.6978296066813778,2.9697619426490416,0.17183071094073177,-2.4437630469084266,2.4437630469084097,-0.17183071094074953,-2.969761942649067,0.6978296066813591,0.45459150911559687,0.4686381893814047,2.2123805953322866,2.3547373068832043,2.777155213081438,3.903352300840805,4.262508590548264,5.929274907259025
0.9877788944723619,0.6361066279878198,0,-8.120504198795741,10.0,4.341338476697191e-14,-0.6894418705513324,2.972080318063716,0.16951233552607303,-2.4521507830384563,2.452150783038456,-0.16951233552607337,-2.972080318063716,0.6894418705513324,0.4425430737814628,0.4837798892375446,2.202996555592497,2.3718881961117795,2.7956405098349495,3.91781053362003,4.271198098436954,5.946186528886418
0.9953115577889449,0.6294570608420643,0,-8.114048568909888,10.0,4.363704375778621e-14,-0.6808542819651461,2.9744388874270977,0.16715376616269115,-2.4607383716246427,2.4607383716246423,-0.1671537661626914,-2.974438887427098,0.6808542819651457,0.43042643254163965,0.4993098093200473,2.19348804278577,2.389357561859195,2.8146746145994754,3.932381194831741,4.280044094169185,5.963268246998191
1.0028442211055277,0.6225972709403499,0,-8.107732782432693,10.0,4.3912443453749197e-14,-0.6720573548009031,2.9768398580798086,0.16475279550998076,-2.4695352987888852,2.4695352987888852,-0.16475279550998076,-2.9768398580798086,0.6720573548009031,0.418240697773662,0.5152351960846633,2.183855127622869,2.4071573291512776,2.8342720337245844,3.947066149950973,4.289046844742548,5.980525366870577
1.0103768844221106,0.6155162695771512,0,-8.101559537500377,10.0,4.456183380629304e-14,-0.6630408602793644,2.979285610183187,0.16230704340660185,-2.478551793310424,2.478551793310424,-0.16230704340660185,-2.979285610183187,0.6630408602793644,0.40598494658152146,0.531563293881306,2.1740978344515023,2.425300107195506,2.8544477104156654,3.961867329585065,4.298206679081988,5.9979634532942425
1.0179095477386935,0.6082021798302613,0,-8.095531609486425,10.0,4.408707373245559e-14,-0.6537937418205814,2.9817787166414456,0.15981393694834375,-2.487798911769207,2.487798911769207,-0.15981393694834375,-2.9817787166414456,0.6537937418205814,0.3936582199481272,0.5483013294467046,2.164216139693486,2.4437992341607973,2.875217037508582,3.97678673142877,4.307523990115129,6.0155883476672
1.0254422110552763,0.600642132910014,0,-8.089651853733923,10.0,5.333076223944597e-14,-0.6443040167650104,2.9843219661011986,0.15727068748858986,-2.497288636824784,2.497288636824784,-0.15727068748858986,-2.9843219661011986,0.6443040167650104,0.38125952184141404,0.5654564946963948,2.154209970297686,2.4626688251508293,2.8965958703345795,3.9918264223155173,4.316999236856299,6.033406186515593
1.0329748743718594,0.5928221481679786,0,-8.083923208407004,10.0,1.1607288141587105e-13,-0.6345586623754148,2.986918389634317,0.154674263955475,-2.507033991214373,2.507033991214373,-0.154674263955475,-2.986918389634317,0.6345586623754148,0.3687878182720472,0.5830359276855439,2.1440792022034416,2.481923823589601,2.918600539623133,4.006988540369239,4.326632946505681,6.051423421584174
1.0405075376884423,0.5847269934609712,0,-8.07834869746756,10.0,2.742540013616783e-13,-0.6245434829106092,2.9895712918567887,0.15202136173300454,-2.517049170679182,2.517049170679182,-0.15202136173300454,-2.9895712918567887,0.6245434829106092,0.35624203630070655,0.6010466916035281,2.1338236588093027,2.501580056248373,2.941247864380308,4.02227529726171,4.336425716570224,6.069646841654494
1.0480402010050252,0.5763400217403405,0,-8.072931433783744,10.0,6.808305220467099e-13,-0.6142429537547738,2.9922842874258158,0.14930836616397347,-2.5273496998350202,2.5273496998350202,-0.14930836616397347,-2.9922842874258158,0.6142429537547738,0.3436210629929213,0.619495751663557,2.123443109441867,2.5216542921526877,2.964555164668048,4.0376889805803735,4.346378217013003,6.088083596266621
1.055572864321608,0.5676429786610836,0,-8.06767462237712,10.0,1.7157605537111907e-12,-0.603640037534516,2.9950613441042773,0.14653130948551346,-2.5379526160552777,2.5379526160552777,-0.14653130948551346,-2.9950613441042773,0.603640037534516,0.33092374431900795,0.6383899497469396,2.1129372678191682,2.5421643056173764,2.9885402741968536,4.0532319563121595,4.356491192438056,6.106741221541406
1.0631055276381909,0.5586157745928515,0,-8.06258156381579,10.0,4.353468666031076e-12,-0.5927159657726861,2.997906833906421,0.14368581968337107,-2.548876687817107,2.548876687817107,-0.14368581968337107,-2.997906833906421,0.5927159657726861,0.318148883997071,0.6577359766608034,2.102305790503487,2.563128943664524,3.0132215526276087,4.068906671448906,4.366765464317725,6.1256276683224815
1.070638190954774,0.5492362125383216,0,-8.057655657761249,10.0,1.1085694155338252e-11,-0.5814499777891754,3.0008255942706854,0.14076705931910719,-2.560142675800618,2.560142675800618,-0.14076705931910719,-3.0008255942706854,0.5814499777891754,0.3052952422772406,0.6775403418697694,2.0915482753387287,2.584568198084778,3.0386178974598246,4.0847156567199905,4.377201933269579,6.144751332883644
1.0781708542713568,0.5394796609439033,0,-8.052900406677196,10.0,2.832181428479989e-11,-0.5698190060867666,3.003823001786107,0.13776965180368614,-2.571773647503027,2.571773647503027,-0.13776965180368614,-3.003823001786107,0.5698190060867666,0.29236153466665216,0.6978093405656496,2.080664259868741,2.606503282404443,3.064748755360218,4.100661529457561,4.387801581389946,6.164121090475402
1.0857035175879397,0.5293186569603769,0,-8.048319419709062,10.0,7.256122648739948e-11,-0.5577972940956871,3.0069050617893103,0.13468759180048304,-2.5837953594941054,2.5837953594941054,-0.13468759180048304,-3.0069050617893103,0.5577972940956871,0.2793464305983048,0.7185490179438051,2.0696532197363964,2.628956714017285,3.0916341327556984,4.116746996597951,4.3985654746500416,6.183746332015205
1.0932361809045226,0.5187224209893729,0,-8.043916416743544,10.0,1.86367827348215e-10,-0.5453559275119672,3.010078518238983,0.13151413535081052,-2.5962367260778265,2.5962367260778265,-0.13151413535081052,-3.010078518238983,0.5453559275119672,0.2662485520571911,0.7397651305569892,2.058514567072804,2.6519524017257106,3.1192946054708517,4.132974857817551,4.4094947653582,6.203637004255585
1.1007688442211057,0.5076562567553795,0,-8.039695232658016,10.0,4.79714346484094e-10,-0.5324622539802363,3.0133509897985458,0.12824166379124716,-2.6091303996095565,2.6091303996095565,-0.12824166379124716,-3.0133509897985458,0.5324622539802363,0.2530664722047653,0.7614631046070193,2.047247648911669,2.6755157388971234,3.147751327114903,4.149348008786964,4.420590694684006,6.223803653785294
1.1083015075376885,0.4960808017925536,0,-8.035659821770352,10.0,1.2369799138390546e-09,-0.5190791566751594,3.016731140218937,0.12486151337085631,-2.622513496914634,2.622513496914634,-0.12486151337085631,-3.016731140218937,0.5190791566751594,0.23979871411780312,0.7836479909815858,2.0358517457334653,2.6996737023425426,3.177026035768866,4.165869444486523,4.431854595219235,6.244257475206892
1.1158341708542714,0.48395107978245705,0,-8.03181426250033,10.0,3.193733981121655e-09,-0.5051641341015145,3.020228894223256,0.12136375936653743,-2.636428519488278,2.636428519488278,-0.12136375936653743,-3.020228894223256,0.5051641341015145,0.2264437499600363,0.8063244166661453,2.024326070432114,2.7244549567683793,3.2071410581616795,4.182542262416867,4.443287893492833,6.2650103637248
1.1233668341708543,0.47121528654493267,0,-8.028162762254532,10.0,8.251508634173381e-09,-0.49066811912489955,3.0238557146310505,0.11773693895874245,-2.6509245344648935,2.6509245344648935,-0.11773693895874245,-3.0238557146310505,0.49066811912489955,0.21300000145082174,0.8294965316366458,2.0126697685051167,2.749889963974329,3.2381193096058416,4.19936966524195,4.45489211220035,6.286074971992438
1.1308994974874371,0.45781321248626183,0,-8.024709662547421,10.0,2.131811951095328e-08,-0.4755339417612447,3.027624963148016,0.11396769044177758,-2.6660587118285486,2.6660587118285486,-0.11396769044177758,-3.027624963148016,0.4755339417612447,0.19946584396468348,0.8531679488660062,2.0008819216386096,2.776011094146346,3.269984285540386,4.21635496160439,4.466668871481707,6.307464769920724
1.1384321608040202,0.4436741612048028,0,-8.021459444372187,10.0,5.502374848415379e-08,-0.4596942980222211,3.0315523771526287,0.11004027643716366,-2.681898355567572,2.681898355567572,-0.11004027643716366,-3.0315523771526287,0.4596942980222211,0.18583962054183228,0.8773416710415446,1.9889615605456823,2.8028527316475307,3.302760034040447,4.233501561712457,4.478619887426536,6.329194102930701
1.145964824120603,0.4287141602160627,0,-8.018416733835627,10.0,1.4172240460755742e-07,-0.44306902497552625,3.0356567093593445,0.10593594423044848,-2.6985236286142675,2.6985236286142675,-0.10593594423044848,-3.0356567093593445,0.44306902497552625,0.1721196826346089,0.9020199866992747,1.976907702785033,2.8304513542827117,3.336471081217943,4.250812958581858,4.490746962876006,6.351278235319468
1.153497487437186,0.41283216826160046,0,-8.015586308072495,10.0,3.6372673204683107e-07,-0.4255613938251707,3.039960597852891,0.10163205573690226,-2.7160312597646223,2.7160312597646223,-0.10163205573690226,-3.039960597852891,0.4255613938251707,0.15830450237689966,0.9272042894586255,1.964719457502004,2.8588455287147756,3.3711422347884126,4.268292670668739,4.503051957277695,6.373733341650929
1.1610301507537688,0.39590486322333585,0,-8.012973101454534,10.0,9.283849985851503e-07,-0.40705301885380507,3.0444917603866717,0.09710089320312137,-2.7345396347359876,2.7345396347359876,-0.09710089320312137,-3.0444917603866717,0.40705301885380507,0.1443929744337697,0.9528946978204059,1.9523963078447515,2.8880756675287316,3.40679806753708,4.285944081972147,4.515536700399942,6.396576345973281
1.168562814070352,0.37777947361619546,0,-8.010582212104614,10.0,2.350669513405992e-06,-0.38739687262103956,3.049284631147845,0.09230802244194841,-2.754195780968754,2.754195780968754,-0.09230802244194841,-3.049284631147845,0.38739687262103956,0.13038521400275427,0.9790891567493826,1.939938859159357,2.918183137463459,3.4434615608699124,4.303770013729306,4.5282027577964,6.419824344119228
1.1760954773869348,0.35826412550545067,0,-8.008418908684165,10.0,5.883888856898245e-06,-0.3664079346917494,3.054382547345472,0.08721010624432192,-2.7751847188980423,2.7751847188980423,-0.08721010624432192,-3.054382547345472,0.3664079346917494,0.11628462894758443,1.005781211755923,1.927350785362936,2.9492076515443495,3.481150574522263,4.321771607076267,4.5410508124340785,6.443492927004848
1.1836281407035176,0.3371157484355712,0,-8.006488637133806,10.0,1.4489759968125991e-05,-0.3438516265657578,3.0598404413624802,0.08175221222731335,-2.7977410270240353,2.7977410270240353,-0.08175221222731335,-3.0598404413624802,0.3438516265657578,0.10210317008337598,1.0329544762923881,1.9146437692251026,2.9811802627269657,3.5198688370380147,4.339945487990513,4.554079081167354,6.467591709662774
1.1911608040201005,0.31402793744395446,0,-8.00479702518477,10.0,3.486743188730543e-05,-0.3194326248694199,3.0657274123577394,0.07586524123205393,-2.822160028720374,2.822160028720374,-0.07586524123205393,-3.0657274123577394,0.3194326248694199,0.08787415075382135,1.0605692359955148,1.9018495861892892,3.0141055812688973,3.5595837253820966,4.358276843543561,4.567279413056336,6.492113086934069
1.1986934673366834,0.28862822180110415,0,-8.003349871244371,10.0,8.118319123719589e-05,-0.2927937732755183,3.0721268645004995,0.0694657890892936,-2.8487988803142748,2.8487988803142748,-0.0694657890892936,-3.0721268645004995,0.2927937732755183,0.07368175831414893,1.0885317494449696,1.889047973206313,3.047919447611105,3.600174482260055,4.376723484251773,4.580628225530031,6.517005758625598
1.2062261306532664,0.26051123943010435,0,-8.002153043484267,10.0,0.0001803085957253586,-0.26355168855253097,3.0791279327644663,0.06246472082532744,-2.878040965037261,2.878040965037261,-0.06246472082532744,-3.0791279327644663,0.26355168855253097,0.059722617260300544,1.1166304048110645,1.8764248846595193,3.0823974497781093,3.641322536540159,4.395182584012302,4.594067393407288,6.542118241254806
1.2137587939698493,0.2293647631886364,0,-8.00121193751653,10.0,0.00037440601811219537,-0.23142499689577134,3.086795080678998,0.05479757291079501,-2.9101676566940213,2.9101676566940213,-0.05479757291079501,-3.086795080678998,0.23142499689577134,0.04641329301730022,1.1444244258382732,1.8643744898085661,3.116987625359891,3.6823157148738277,4.413432457953465,4.607470339759911,6.567097257726621
1.2212914572864322,0.1952674431908573,0,-8.000529200394034,10.0,0.000707877139796221,-0.1965301352777266,3.095098487244574,0.04649416634521972,-2.945062518312066,2.945062518312066,-0.04649416634521972,-3.095098487244574,0.1965301352777266,0.03451824435510306,1.1711108488196083,1.8536211737585353,3.150592965506467,3.721803874071703,4.431062466279152,4.62060013804872,6.591259339081371
1.228824120603015,0.15915529258372604,0,-8.000097729431333,10.0,0.0011824294232279811,-0.15983498038924976,3.10380800154827,0.03778465204152333,-2.981757673200544,2.981757673200544,-0.03778465204152333,-3.10380800154827,0.15983498038924976,0.025159826451705763,1.1955094455180904,1.8452307228951808,3.1815006992593426,3.7577438748570664,4.4474639444118065,4.6331010505118995,6.613558267376799
1.2363567839195981,0.123148048236044,0,-7.999887388686032,10.0,0.001700184438449264,-0.12346145758823586,3.1124234630112064,0.02916919057858713,-3.0181311960015567,3.0181311960015567,-0.02916919057858713,-3.1124234630112064,0.12346145758823586,0.01948057949163874,1.2163979410777743,1.8402921249450745,3.2078280959264247,3.787954333679491,4.462004823066499,4.644595679196515,6.632869301741261
1.243889447236181,0.09014915797969855,0,-7.999836191675218,10.0,0.0020807080790481466,-0.09027171179293195,3.1202732109358347,0.021319442653958735,-3.051320941796861,3.051320941796861,-0.021319442653958735,-3.1202732109358347,0.09027171179293195,0.017992799837887704,1.23316958527642,1.8393008404557154,3.228508349253197,3.811269727416411,4.474374818322112,4.654884576811693,6.648590408005794
1.2514221105527639,0.06264570622331515,0,-7.999865878220586,10.0,0.0021865984672481227,-0.0626867541066131,3.126791295992401,0.014801357597392088,-3.078905899483181,3.078905899483181,-0.014801357597392088,-3.126791295992401,0.0626867541066131,0.02021061725764821,1.2462260187247935,1.8418068665705656,3.2439549723963523,3.828275226419522,4.484792055142436,4.664072062583456,6.661029507947689
1.2589547738693467,0.0416759183994779,0,-7.999914716709209,10.0,0.002021357308648989,-0.04168799219866719,3.1317505801046894,0.00984207348510456,-3.099904661391126,3.099904661391126,-0.00984207348510456,-3.1317505801046894,0.04168799219866719,0.02501150327934863,1.2566440386799367,1.8467540733236154,3.2556342270326475,3.840766390431254,4.493826837999692,4.672471721086728,6.671124422150028
1.2664874371859296,0.026808066332346333,0,-7.999953609055112,10.0,0.0016919666691033628,-0.02681127840756815,3.1352631410658547,0.006329512523938777,-3.1147813751822255,3.1147813751822255,-0.006329512523938777,-3.1352631410658547,0.02681127840756815,0.03128835518994677,1.2655261399230993,1.8530974676452483,3.2651073906658024,3.8506201497146924,4.502059616305728,4.680410752625572,6.679853132099065
1.2740201005025127,0.016820881363910828,0,-7.999977290816249,10.0,0.0013158283277941462,-0.01682167468736629,3.1376215395145484,0.003971114075244326,-3.1247709789024274,3.1247709789024274,-0.003971114075244326,-3.1376215395145484,0.01682167468736629,0.03829016453496618,1.2736394778395979,1.8601271238457269,3.2734744590742006,3.8591518381389145,4.509892461921846,4.688118581267502,6.6878990201184685
1.2815527638190956,0.010364318825321734,0,-7.999989678393625,10.0,0.0009696706304713397,-0.010364504388598728,3.1391459132936435,0.0024467402961507283,-3.1312281492011933,3.1312281492011933,-0.0024467402961507283,-3.1391459132936435,0.010364504388598728,0.04561158734680486,1.2814074200703343,1.8674595189097654,3.2813447463078664,3.8670892568822013,4.517546309345723,4.695722323887286,6.695638963391476
1.2890854271356784,0.006300906412755302,1,-7.999995554956657,10.0,0.0006866844435329576,-0.006300948105990532,3.1401051987132504,0.0014874548765428544,-3.1352917054838034,3.1352917054838034,-0.0014874548765428544,-3.1401051987132504,0.006300948105990532,0.05306374633576232,1.2890313953161177,1.8749158181332721,3.2890082279792527,3.874778972459619,4.525125832564585,4.703282610848588,6.703251800754237
1.2966180904522613,0.003791967721384404,1,-7.999998161565318,10.0,0.0004718742455837039,-0.0037919768089059087,3.140697488695234,0.0008951648945591476,-3.1378006767808873,3.1378006767808873,-0.0008951648945591476,-3.140697488695234,0.0037919768089059087,0.06056667483507883,1.2965984071948984,1.8824202604230635,3.2965900159914403,3.882370697914762,4.5326760591481605,4.710825678840076,6.710814519991681
1.3041507537688444,0.002264232399530103,1,-7.999999262998649,10.0,0.00031679408779995694,-0.0022642343342261563,3.1410581402450526,0.00053451334474111,-3.139328419255567,3.139328419255567,-0.00053451334474111,-3.1410581402450526,0.0022642343342261563,0.06808860791976361,1.3041436950944552,1.8899427341114055,3.3041407032003565,3.8899250629276083,4.540215154550529,4.718362171176844,6.7183581925492515
1.3116834170854272,0.00134362774614792,1,-7.9999997117610375,10.0,0.00020878509596791042,-0.0013436281504313977,3.141275465984253,0.000317187605540873,-3.140249025439362,3.140249025439362,-0.000317187605540873,-3.141275465984253,0.0013436281504313977,0.07561746730382002,1.311680917088452,1.8974717830903076,3.3116798635133535,3.8974655603534707,4.54775013220817,4.725896218853578,6.725894817816439
1.31921608040201,0.0007933287081268712,1,-7.999999889505298,10.0,0.00013555414768275854,-0.0007933287913431677,3.141405374061379,0.00018727952841383197,-3.1407993247984503,3.1407993247984503,-0.00018727952841383197,-3.141405374061379,0.0007933287913431677,0.08314880078998872,1.3192152038564138,1.9050031821235884,3.31921483656133,3.9050010127727206,4.555283616815028,4.733429375775911,6.7334288873505415
1.326748743718593,0.00046647482266835665,1,-7.999999958336678,10.0,8.692602486691312e-05,-0.00046647483958574883,3.1414825338168333,0.00011011977295937247,-3.1411261787502083,3.1411261787502083,-0.00011011977295937247,-3.1414825338168333,0.00046647483958574883,0.09068100439197811,1.3267484389310356,1.9125354081249648,3.326748311942178,3.912534658092849,4.562816568370819,4.740962213143289,6.740962044274902
1.3342814070351758,0.00027333710487700965,1,-7.999999984506478,10.0,5.5166524644833416e-05,-0.0002733371082806568,3.141528127451264,6.452613852890184e-05,-3.1413193164815127,3.1413193164815127,-6.452613852890184e-05,-3.141528127451264,0.0002733371082806568,0.09821351024337129,1.3342813017913286,1.9200679215575474,3.3342812581893178,3.9200676640318255,4.570349331935477,4.748494937275789,6.7484948792943324
1.341814070351759,0.00015969630974489835,1,-7.999999994305754,10.0,3.4702861242905505e-05,-0.00015969631042313644,3.1415549544047376,3.7699185055035904e-05,-3.1414329572793696,3.1414329572793696,-3.7699185055035904e-05,-3.1415549544047376,0.00015969631042313644,0.10574612003611607,1.3418140342245692,1.9276005338954092,3.3418140193412706,3.9276004459904876,4.5778820298564575,4.756027621682074,6.756027601890437
1.3493467336683418,9.306816325093546e-05,1,-7.999999997928271,10.0,2.166484873653193e-05,-9.306816338528994e-05,3.141570683176685,2.19704131074427e-05,-3.1414995854264087,3.1414995854264087,-2.19704131074427e-05,-3.141570683176685,9.306816338528994e-05,0.11327876527725489,1.3493467213293995,1.9351331799850364,3.3493467162745136,3.935133150129443,4.585414705042591,4.7635602922656055,6.76356028554367
1.3568793969849247,5.412113262116811e-05,1,-7.999999999252823,10.0,1.3436337432379018e-05,-5.4121132646558375e-05,3.1415798773234678,1.277626632541374e-05,-3.1415385324571456,3.1415385324571456,-1.277626632541374e-05,-3.1415798773234678,5.4121132646558375e-05,0.1208114225234708,1.3568793927890048,1.9426658375124062,3.3568793910796098,3.9426658274162225,4.5929473724086,4.771092958072595,6.771092955799458
1.3644120603015075,3.1413431749013066e-05,1,-7.999999999732583,10.0,8.285090743042591e-06,-3.141343175365686e-05,3.141585237884492,7.415705300786669e-06,-3.141561240158039,3.141561240158039,-7.415705300786669e-06,-3.141585237884492,3.141343175365686e-05,0.12834408381119844,1.364412058880068,1.9501984988927958,3.364412058304175,3.9501984954914238,4.60048003710029,4.778625622238661,6.77862562147285
1.3719447236180906,1.820328475866085e-05,1,-7.999999999904933,10.0,5.082775590804858e-06,-1.8203284759246556e-05,3.1415883563771767,4.2972126171000164e-06,-3.1415744503050336,3.1415744503050336,-4.2972126171000164e-06,-3.1415883563771767,1.8203284759246556e-05,0.13587674645253192,1.371944723138149,1.9577311615645256,3.3719447229447685,3.9577311604223735,4.608012700881961,4.786158285843836,6.786158285586677
1.3794773869346735,1.0533126561790528e-05,1,-7.999999999966405,10.0,3.104137741757011e-06,-1.0533126561985298e-05,3.1415901670559094,2.486533884224325e-06,-3.1415821204632315,3.1415821204632315,-2.486533884224325e-06,-3.1415901670559094,1.0533126561985298e-05,0.14340940954520373,1.379477386773096,1.9652638246671243,3.3794773867083476,3.965263824284708,4.615545364355297,4.793690949258109,6.793690949172005
1.3870100502512563,6.08713240221764e-06,1,-7.999999999988191,10.0,1.888117823651056e-06,-6.087132401642172e-06,3.1415912166127584,1.4369770349878993e-06,-3.141586566457391,3.141586566457391,-1.4369770349878993e-06,-3.1415912166127584,6.087132401642172e-06,0.15094207278778038,1.387010050197,1.9727964879129305,3.3870100501753755,3.972796487785213,4.623078027724549,4.801223612607657,6.801223612578903
1.3945427135678392,3.513830318046135e-06,1,-7.999999999995867,10.0,1.1443183364774475e-06,-3.513830318053366e-06,3.1415918240869765,8.29502816274564e-07,-3.1415891397594757,3.1415891397594757,-8.29502816274564e-07,-3.1415918240869765,3.513830318053366e-06,0.15847473607997262,1.394542713549661,1.9803291512061691,3.3945427135424526,3.9803291511636103,4.630610691058775,4.808756275935334,6.808756275925755
1.402075376884422,2.026366292217149e-06,1,-7.999999999998561,10.0,6.912759263047495e-07,-2.026366292014696e-06,3.141592175229601,4.78360192188312e-07,-3.141590627223501,3.141590627223501,-4.78360192188312e-07,-3.141592175229601,2.026366292014696e-06,0.16600739938853923,1.4020753768783432,1.987861814515073,3.402075376875947,3.987861814500919,4.638143354381262,4.816288939255644,6.8162889392524555
1.4096080402010052,1.1675463490963808e-06,1,-7.999999999999499,10.0,4.163704637992047e-07,-1.1675463490966462e-06,3.141592377969488,2.756203052421319e-07,-3.141591486043444,3.141591486043444,-2.756203052421319e-07,-3.141592377969488,1.1675463490966462e-06,0.17354006270249286,1.4096080401989766,1.9953944778291355,3.409608040198182,3.995394477824438,4.645676017699817,4.823821602573474,6.823821602572419
1.417140703517588,6.721925956104295e-07,1,-7.999999999999828,10.0,2.5012252161310146e-07,-6.721925956104801e-07,3.141592494906647,1.586831465327758e-07,-3.141591981397198,3.141591981397198,-1.586831465327758e-07,-3.141592494906647,6.721925956104801e-07,0.1810727260182157,1.4171407035169123,2.0029271411448946,3.4171407035166497,4.002927141143337,4.653208681017054,4.831354265890477,6.831354265890125
1.424673366834171,3.8673779399745226e-07,1,-7.9999999999999405,10.0,1.4989141091551978e-07,-3.867377939974619e-07,3.1415925622933845,9.129640893451514e-08,-3.1415922668519993,3.1415922668519993,-9.129640893451514e-08,-3.1415925622933845,3.867377939974619e-07,0.1886053893345168,1.4246733668339453,2.0104598044612065,3.4246733668338587,4.01045980446069,4.660741344333854,4.838886929207196,6.83888692920708
1.4322060301507538,2.2237139786252495e-07,1,-7.999999999999979,10.0,8.962864268557706e-08,-2.223713971267136e-07,3.141592601095027,5.249476602663201e-08,-3.1415924312183954,3.1415924312183954,-5.249476602663201e-08,-3.141592601095027,2.223713971267136e-07,0.19613805265100853,1.432206030150678,2.017992467777701,3.432206030150649,4.017992467777531,4.668274007650507,4.846419592523826,6.846419592523786
1.4397386934673368,1.2779493786563964e-07,1,-7.999999999999993,10.0,5.3487004433072285e-08,-1.2779493710017115e-07,3.141592623421501,3.0168292454706824e-08,-3.1415925257948554,3.1415925257948554,-3.0168292454706824e-08,-3.141592623421501,1.2779493710017115e-07,0.2036707159675613,1.439738693467312,2.025525131094255,3.4397386934673033,4.0255251310942,4.6758066709671136,4.853952255840424,6.8539522558404125
1.4472713567839197,7.34093140689805e-08,1,-7.999999999999997,10.0,3.186090173822685e-08,-7.340931406898057e-08,3.1415926362602047,1.732958829724039e-08,-3.1415925801804794,3.1415925801804794,-1.732958829724039e-08,-3.1415926362602047,7.340931406898057e-08,0.21120337928413427,1.4472713567839113,2.033057794410828,3.447271356783906,4.03305779441081,4.683339334283705,4.861484919157013,6.861484919157009
1.4548040201005026,4.2152146149614427e-08,1,-7.999999999999998,10.0,1.8947245099840666e-08,-4.215214614961444e-08,3.141592643639022,9.950771755986334e-09,-3.141592611437648,3.141592611437648,-9.950771755986334e-09,-3.141592643639022,4.215214614961444e-08,0.21873604260071502,1.4548040201005008,2.04059045772741,3.4548040201004993,4.040590457727403,4.6908719976002935,4.869017582473599,6.869017582473597
1.4623366834170854,2.4196120005577817e-08,1,-7.999999999999998,10.0,1.1250614867217705e-08,-2.419612000557782e-08,3.1415926478778635,5.711929024743115e-09,-3.141592629393674,3.141592629393674,-5.711929024743115e-09,-3.1415926478778635,2.419612000557782e-08,0.2262687059172951,1.462336683417084,2.0481231210439903,3.4623366834170817,4.048123121043987,4.698404660916875,4.876550245790181,6.876550245790176
1.4698693467336683,1.3885263825801801e-08,1,-7.999999999999999,10.0,6.671249959072355e-09,-1.3885263825801801e-08,3.1415926503119267,3.2778661642460163e-09,-3.1415926397045295,3.1415926397045295,-3.2778661642460163e-09,-3.1415926503119267,1.3885263825801801e-08,0.2338013692338788,1.4698693467336676,2.0556557843605736,3.4698693467336694,4.055655784360574,4.705937324233458,4.884082909106763,6.884082909106763
1.4774020100502514,7.966522231124682e-09,1,-8.0,10.0,3.950875648549502e-09,-7.966521601514871e-09,3.141592651709152,1.8806407742373114e-09,-3.141592645623271,3.141592645623271,-1.8806407742373114e-09,-3.141592651709152,7.966521601514871e-09,0.24133403255046113,1.4774020100502505,2.0631884476771556,3.4774020100502523,4.063188447677156,4.713469987550043,4.891615572423347,6.891615572423348
1.4849346733668343,4.5699604695920494e-09,1,-8.0,10.0,2.33714256956476e-09,-4.5699604695920494e-09,3.1415926525109716,1.0788212759446922e-09,-3.1415926490198336,3.1415926490198336,-1.0788212759446922e-09,-3.1415926525109716,4.5699604695920494e-09,0.24886669586704438,1.4849346733668352,2.0707211109937402,3.4849346733668303,4.070721110993739,4.721002650866626,4.899148235739928,6.899148235739929
1.4924673366834171,2.6212428081612443e-09,1,-8.0,10.0,1.3811160413887798e-09,-2.6212428081612443e-09,3.141592652971002,6.187915104031078e-10,-3.141592650968551,3.141592650968551,-6.187915104031078e-10,-3.141592652971002,2.6212428081612443e-09,0.2563993591836276,1.4924673366834162,2.078253774310321,3.4924673366834145,4.078253774310323,4.728535314183206,4.906680899056511,6.906680899056514
1.5,1.5034010860868067e-09,1,-8.0,10.0,8.154041380060611e-10,-1.5034010860868067e-09,3.141592653234888,3.549048266979299e-10,-3.141592652086392,3.141592652086392,-3.549048266979299e-10,-3.141592653234888,1.5034010860868067e-09,0.2639320225002098,1.5000000000000004,2.0857864376269046,3.4999999999999973,4.085786437626905,4.736067977499791,4.914213562373094,6.9142135623730905
